{"cameraMode":{"drawMode":0,"name":"Shaded","section":"Shading Mode"},"sceneLighting":false,"audioPlay":false,"sceneViewState":{"showFog":false,"showMaterialUpdate":false,"showSkybox":false,"showFlares":false,"showImageEffects":false,"showParticleSystems":false},"in2DMode":false,"pivot":{"x":-0.03958892822265625,"y":-0.667881965637207,"z":-4.764636993408203},"rotation":{"x":-0.17615674436092378,"y":0.7545744776725769,"z":-0.22501827776432038,"w":-0.5907227993011475},"size":5.543180465698242,"orthographic":false}